customer_id,customer_name,rental_id,"rental date",SUM(amount)
1,"MARY SMITH",76,2005-05-25,118.68
1,"MARY SMITH",573,2005-05-28,118.68
1,"MARY SMITH",1185,2005-06-15,118.68
1,"MARY SMITH",1422,2005-06-15,118.68
1,"MARY SMITH",1476,2005-06-15,118.68
1,"MARY SMITH",1725,2005-06-16,118.68
1,"MARY SMITH",2308,2005-06-18,118.68
1,"MARY SMITH",2363,2005-06-18,118.68
1,"MARY SMITH",3284,2005-06-21,118.68
1,"MARY SMITH",4526,2005-07-08,118.68
1,"MARY SMITH",4611,2005-07-08,118.68
1,"MARY SMITH",5244,2005-07-09,118.68
1,"MARY SMITH",5326,2005-07-09,118.68
1,"MARY SMITH",6163,2005-07-11,118.68
1,"MARY SMITH",7273,2005-07-27,118.68
1,"MARY SMITH",7841,2005-07-28,118.68
1,"MARY SMITH",8033,2005-07-28,118.68
1,"MARY SMITH",8074,2005-07-28,118.68
1,"MARY SMITH",8116,2005-07-28,118.68
1,"MARY SMITH",8326,2005-07-29,118.68
1,"MARY SMITH",9571,2005-07-31,118.68
1,"MARY SMITH",10437,2005-08-01,118.68
1,"MARY SMITH",11299,2005-08-02,118.68
1,"MARY SMITH",11367,2005-08-02,118.68
1,"MARY SMITH",11824,2005-08-17,118.68
1,"MARY SMITH",12250,2005-08-18,118.68
1,"MARY SMITH",13068,2005-08-19,118.68
1,"MARY SMITH",13176,2005-08-19,118.68
1,"MARY SMITH",14762,2005-08-21,118.68
1,"MARY SMITH",14825,2005-08-22,118.68
1,"MARY SMITH",15298,2005-08-22,118.68
1,"MARY SMITH",15315,2005-08-22,118.68
2,"PATRICIA JOHNSON",320,2005-05-27,128.73
2,"PATRICIA JOHNSON",2128,2005-06-17,128.73
2,"PATRICIA JOHNSON",5636,2005-07-10,128.73
2,"PATRICIA JOHNSON",5755,2005-07-10,128.73
2,"PATRICIA JOHNSON",7346,2005-07-27,128.73
2,"PATRICIA JOHNSON",7376,2005-07-27,128.73
2,"PATRICIA JOHNSON",7459,2005-07-27,128.73
2,"PATRICIA JOHNSON",8230,2005-07-29,128.73
2,"PATRICIA JOHNSON",8598,2005-07-29,128.73
2,"PATRICIA JOHNSON",8705,2005-07-29,128.73
2,"PATRICIA JOHNSON",9031,2005-07-30,128.73
2,"PATRICIA JOHNSON",9236,2005-07-30,128.73
2,"PATRICIA JOHNSON",9248,2005-07-30,128.73
2,"PATRICIA JOHNSON",9296,2005-07-30,128.73
2,"PATRICIA JOHNSON",9465,2005-07-30,128.73
2,"PATRICIA JOHNSON",10136,2005-07-31,128.73
2,"PATRICIA JOHNSON",10466,2005-08-01,128.73
2,"PATRICIA JOHNSON",10918,2005-08-02,128.73
2,"PATRICIA JOHNSON",11087,2005-08-02,128.73
2,"PATRICIA JOHNSON",11177,2005-08-02,128.73
2,"PATRICIA JOHNSON",11256,2005-08-02,128.73
2,"PATRICIA JOHNSON",11614,2005-08-17,128.73
2,"PATRICIA JOHNSON",12963,2005-08-19,128.73
2,"PATRICIA JOHNSON",14475,2005-08-21,128.73
2,"PATRICIA JOHNSON",14743,2005-08-21,128.73
2,"PATRICIA JOHNSON",15145,2005-08-22,128.73
2,"PATRICIA JOHNSON",15907,2005-08-23,128.73
3,"LINDA WILLIAMS",435,2005-05-27,135.74
3,"LINDA WILLIAMS",830,2005-05-29,135.74
3,"LINDA WILLIAMS",1546,2005-06-16,135.74
3,"LINDA WILLIAMS",1726,2005-06-16,135.74
3,"LINDA WILLIAMS",1911,2005-06-17,135.74
3,"LINDA WILLIAMS",2628,2005-06-19,135.74
3,"LINDA WILLIAMS",4180,2005-07-07,135.74
3,"LINDA WILLIAMS",4725,2005-07-08,135.74
3,"LINDA WILLIAMS",7096,2005-07-27,135.74
3,"LINDA WILLIAMS",7503,2005-07-27,135.74
3,"LINDA WILLIAMS",7703,2005-07-28,135.74
3,"LINDA WILLIAMS",7724,2005-07-28,135.74
3,"LINDA WILLIAMS",7911,2005-07-28,135.74
3,"LINDA WILLIAMS",8086,2005-07-28,135.74
3,"LINDA WILLIAMS",8545,2005-07-29,135.74
3,"LINDA WILLIAMS",9226,2005-07-30,135.74
3,"LINDA WILLIAMS",9443,2005-07-30,135.74
3,"LINDA WILLIAMS",9595,2005-07-31,135.74
3,"LINDA WILLIAMS",9816,2005-07-31,135.74
3,"LINDA WILLIAMS",10597,2005-08-01,135.74
3,"LINDA WILLIAMS",12556,2005-08-18,135.74
3,"LINDA WILLIAMS",13403,2005-08-19,135.74
3,"LINDA WILLIAMS",13610,2005-08-20,135.74
3,"LINDA WILLIAMS",14699,2005-08-21,135.74
3,"LINDA WILLIAMS",15038,2005-08-22,135.74
3,"LINDA WILLIAMS",15619,2005-08-23,135.74
4,"BARBARA JONES",1297,2005-06-15,81.78
4,"BARBARA JONES",1633,2005-06-16,81.78
4,"BARBARA JONES",1707,2005-06-16,81.78
4,"BARBARA JONES",1735,2005-06-16,81.78
4,"BARBARA JONES",2043,2005-06-17,81.78
4,"BARBARA JONES",2642,2005-06-19,81.78
4,"BARBARA JONES",7660,2005-07-28,81.78
4,"BARBARA JONES",7718,2005-07-28,81.78
4,"BARBARA JONES",8741,2005-07-29,81.78
4,"BARBARA JONES",9100,2005-07-30,81.78
4,"BARBARA JONES",9371,2005-07-30,81.78
4,"BARBARA JONES",11069,2005-08-02,81.78
4,"BARBARA JONES",11110,2005-08-02,81.78
4,"BARBARA JONES",11529,2005-08-17,81.78
4,"BARBARA JONES",12151,2005-08-18,81.78
4,"BARBARA JONES",12294,2005-08-18,81.78
4,"BARBARA JONES",12856,2005-08-19,81.78
4,"BARBARA JONES",13704,2005-08-20,81.78
4,"BARBARA JONES",13807,2005-08-20,81.78
4,"BARBARA JONES",14225,2005-08-21,81.78
4,"BARBARA JONES",15147,2005-08-22,81.78
4,"BARBARA JONES",15635,2005-08-23,81.78
5,"ELIZABETH BROWN",731,2005-05-29,144.62
5,"ELIZABETH BROWN",1085,2005-05-31,144.62
5,"ELIZABETH BROWN",1142,2005-05-31,144.62
5,"ELIZABETH BROWN",1502,2005-06-15,144.62
5,"ELIZABETH BROWN",1631,2005-06-16,144.62
5,"ELIZABETH BROWN",2063,2005-06-17,144.62
5,"ELIZABETH BROWN",2570,2005-06-19,144.62
5,"ELIZABETH BROWN",3126,2005-06-20,144.62
5,"ELIZABETH BROWN",3677,2005-07-06,144.62
5,"ELIZABETH BROWN",4889,2005-07-08,144.62
5,"ELIZABETH BROWN",5016,2005-07-09,144.62
5,"ELIZABETH BROWN",5118,2005-07-09,144.62
5,"ELIZABETH BROWN",5156,2005-07-09,144.62
5,"ELIZABETH BROWN",5721,2005-07-10,144.62
5,"ELIZABETH BROWN",6042,2005-07-11,144.62
5,"ELIZABETH BROWN",6663,2005-07-12,144.62
5,"ELIZABETH BROWN",6685,2005-07-12,144.62
5,"ELIZABETH BROWN",7293,2005-07-27,144.62
5,"ELIZABETH BROWN",7652,2005-07-28,144.62
5,"ELIZABETH BROWN",7829,2005-07-28,144.62
5,"ELIZABETH BROWN",8263,2005-07-29,144.62
5,"ELIZABETH BROWN",8978,2005-07-30,144.62
5,"ELIZABETH BROWN",9493,2005-07-30,144.62
5,"ELIZABETH BROWN",9888,2005-07-31,144.62
5,"ELIZABETH BROWN",10609,2005-08-01,144.62
5,"ELIZABETH BROWN",10625,2005-08-01,144.62
5,"ELIZABETH BROWN",11001,2005-08-02,144.62
5,"ELIZABETH BROWN",11179,2005-08-02,144.62
5,"ELIZABETH BROWN",11930,2005-08-17,144.62
5,"ELIZABETH BROWN",12145,2005-08-18,144.62
5,"ELIZABETH BROWN",12797,2005-08-19,144.62
5,"ELIZABETH BROWN",13063,2005-08-19,144.62
5,"ELIZABETH BROWN",13209,2006-02-14,144.62
5,"ELIZABETH BROWN",13877,2005-08-20,144.62
5,"ELIZABETH BROWN",14053,2005-08-20,144.62
5,"ELIZABETH BROWN",14430,2005-08-21,144.62
5,"ELIZABETH BROWN",14494,2005-08-21,144.62
5,"ELIZABETH BROWN",15232,2005-08-22,144.62
6,"JENNIFER DAVIS",57,2005-05-25,93.72
6,"JENNIFER DAVIS",577,2005-05-28,93.72
6,"JENNIFER DAVIS",916,2005-05-30,93.72
6,"JENNIFER DAVIS",1575,2005-06-16,93.72
6,"JENNIFER DAVIS",1841,2005-06-16,93.72
6,"JENNIFER DAVIS",1966,2005-06-17,93.72
6,"JENNIFER DAVIS",2345,2005-06-18,93.72
6,"JENNIFER DAVIS",3983,2005-07-06,93.72
6,"JENNIFER DAVIS",4278,2005-07-07,93.72
6,"JENNIFER DAVIS",5553,2005-07-10,93.72
6,"JENNIFER DAVIS",6211,2005-07-11,93.72
6,"JENNIFER DAVIS",6248,2005-07-11,93.72
6,"JENNIFER DAVIS",6686,2005-07-12,93.72
6,"JENNIFER DAVIS",7099,2005-07-27,93.72
6,"JENNIFER DAVIS",7136,2005-07-27,93.72
6,"JENNIFER DAVIS",8101,2005-07-28,93.72
6,"JENNIFER DAVIS",10271,2005-08-01,93.72
6,"JENNIFER DAVIS",11023,2005-08-02,93.72
6,"JENNIFER DAVIS",11398,2005-08-02,93.72
6,"JENNIFER DAVIS",11591,2005-08-17,93.72
6,"JENNIFER DAVIS",11727,2005-08-17,93.72
6,"JENNIFER DAVIS",11853,2005-08-17,93.72
6,"JENNIFER DAVIS",12254,2005-08-18,93.72
6,"JENNIFER DAVIS",13451,2005-08-20,93.72
6,"JENNIFER DAVIS",14329,2005-08-21,93.72
6,"JENNIFER DAVIS",14377,2005-08-21,93.72
6,"JENNIFER DAVIS",15509,2005-08-23,93.72
6,"JENNIFER DAVIS",15603,2005-08-23,93.72
7,"MARIA MILLER",46,2005-05-25,151.67
7,"MARIA MILLER",117,2005-05-25,151.67
7,"MARIA MILLER",748,2005-05-29,151.67
7,"MARIA MILLER",975,2005-05-30,151.67
7,"MARIA MILLER",1063,2005-05-31,151.67
7,"MARIA MILLER",1810,2005-06-16,151.67
7,"MARIA MILLER",2250,2005-06-18,151.67
7,"MARIA MILLER",2709,2005-06-19,151.67
7,"MARIA MILLER",2888,2005-06-20,151.67
7,"MARIA MILLER",3007,2005-06-20,151.67
7,"MARIA MILLER",3639,2005-07-06,151.67
7,"MARIA MILLER",4238,2005-07-07,151.67
7,"MARIA MILLER",4787,2005-07-08,151.67
7,"MARIA MILLER",4856,2005-07-08,151.67
7,"MARIA MILLER",5441,2005-07-09,151.67
7,"MARIA MILLER",5921,2005-07-10,151.67
7,"MARIA MILLER",6174,2005-07-11,151.67
7,"MARIA MILLER",6295,2005-07-11,151.67
7,"MARIA MILLER",6761,2005-07-12,151.67
7,"MARIA MILLER",8422,2005-07-29,151.67
7,"MARIA MILLER",9624,2005-07-31,151.67
7,"MARIA MILLER",10330,2005-08-01,151.67
7,"MARIA MILLER",10423,2005-08-01,151.67
7,"MARIA MILLER",10514,2005-08-01,151.67
7,"MARIA MILLER",10644,2005-08-01,151.67
7,"MARIA MILLER",10989,2005-08-02,151.67
7,"MARIA MILLER",11542,2005-08-17,151.67
7,"MARIA MILLER",12367,2005-08-18,151.67
7,"MARIA MILLER",12730,2005-08-18,151.67
7,"MARIA MILLER",13373,2005-08-19,151.67
7,"MARIA MILLER",13476,2005-08-20,151.67
7,"MARIA MILLER",13594,2005-08-20,151.67
7,"MARIA MILLER",14222,2005-08-21,151.67
8,"SUSAN WILSON",866,2005-05-30,92.76
8,"SUSAN WILSON",1305,2005-06-15,92.76
8,"SUSAN WILSON",2095,2005-06-17,92.76
8,"SUSAN WILSON",3114,2005-06-20,92.76
8,"SUSAN WILSON",3475,2005-07-05,92.76
8,"SUSAN WILSON",4003,2005-07-07,92.76
8,"SUSAN WILSON",4175,2005-07-07,92.76
8,"SUSAN WILSON",4409,2005-07-07,92.76
8,"SUSAN WILSON",4503,2005-07-08,92.76
8,"SUSAN WILSON",5300,2005-07-09,92.76
8,"SUSAN WILSON",5341,2005-07-09,92.76
8,"SUSAN WILSON",6375,2005-07-11,92.76
8,"SUSAN WILSON",6647,2005-07-12,92.76
8,"SUSAN WILSON",8809,2005-07-29,92.76
8,"SUSAN WILSON",9629,2005-07-31,92.76
8,"SUSAN WILSON",10141,2005-07-31,92.76
8,"SUSAN WILSON",10561,2005-08-01,92.76
8,"SUSAN WILSON",11232,2005-08-02,92.76
8,"SUSAN WILSON",11284,2005-08-02,92.76
8,"SUSAN WILSON",12613,2005-08-18,92.76
8,"SUSAN WILSON",14114,2005-08-21,92.76
8,"SUSAN WILSON",15374,2005-08-22,92.76
8,"SUSAN WILSON",15764,2005-08-23,92.76
8,"SUSAN WILSON",15805,2005-08-23,92.76
9,"MARGARET MOORE",350,2005-05-27,89.77
9,"MARGARET MOORE",877,2005-05-30,89.77
9,"MARGARET MOORE",1075,2005-05-31,89.77
9,"MARGARET MOORE",3142,2005-06-20,89.77
9,"MARGARET MOORE",3262,2005-06-21,89.77
9,"MARGARET MOORE",4454,2005-07-07,89.77
9,"MARGARET MOORE",4748,2005-07-08,89.77
9,"MARGARET MOORE",4796,2005-07-08,89.77
9,"MARGARET MOORE",5659,2005-07-10,89.77
9,"MARGARET MOORE",6019,2005-07-11,89.77
9,"MARGARET MOORE",6165,2005-07-11,89.77
9,"MARGARET MOORE",7616,2005-07-28,89.77
9,"MARGARET MOORE",7801,2005-07-28,89.77
9,"MARGARET MOORE",9043,2005-07-30,89.77
9,"MARGARET MOORE",10451,2005-08-01,89.77
9,"MARGARET MOORE",10454,2005-08-01,89.77
9,"MARGARET MOORE",11400,2005-08-02,89.77
9,"MARGARET MOORE",11556,2005-08-17,89.77
9,"MARGARET MOORE",12228,2005-08-18,89.77
9,"MARGARET MOORE",12309,2005-08-18,89.77
9,"MARGARET MOORE",12652,2005-08-18,89.77
9,"MARGARET MOORE",14489,2005-08-21,89.77
9,"MARGARET MOORE",15813,2006-02-14,89.77
10,"DOROTHY TAYLOR",1140,2005-05-31,99.75
10,"DOROTHY TAYLOR",1801,2005-06-16,99.75
10,"DOROTHY TAYLOR",1995,2005-06-17,99.75
10,"DOROTHY TAYLOR",2222,2005-06-18,99.75
10,"DOROTHY TAYLOR",2814,2005-06-19,99.75
10,"DOROTHY TAYLOR",2865,2005-06-20,99.75
10,"DOROTHY TAYLOR",3790,2005-07-06,99.75
10,"DOROTHY TAYLOR",4042,2005-07-07,99.75
10,"DOROTHY TAYLOR",4255,2005-07-07,99.75
10,"DOROTHY TAYLOR",5038,2005-07-09,99.75
10,"DOROTHY TAYLOR",5068,2005-07-09,99.75
10,"DOROTHY TAYLOR",5444,2005-07-09,99.75
10,"DOROTHY TAYLOR",5905,2005-07-10,99.75
10,"DOROTHY TAYLOR",7738,2005-07-28,99.75
10,"DOROTHY TAYLOR",8001,2005-07-28,99.75
10,"DOROTHY TAYLOR",8188,2005-07-28,99.75
10,"DOROTHY TAYLOR",9935,2005-07-31,99.75
10,"DOROTHY TAYLOR",10671,2005-08-01,99.75
10,"DOROTHY TAYLOR",11289,2005-08-02,99.75
10,"DOROTHY TAYLOR",11405,2005-08-02,99.75
10,"DOROTHY TAYLOR",12031,2005-08-17,99.75
10,"DOROTHY TAYLOR",12400,2005-08-18,99.75
10,"DOROTHY TAYLOR",13316,2005-08-19,99.75
10,"DOROTHY TAYLOR",13917,2005-08-20,99.75
10,"DOROTHY TAYLOR",15370,2005-08-22,99.75
11,"LISA ANDERSON",987,2005-05-30,106.76
11,"LISA ANDERSON",1470,2005-06-15,106.76
11,"LISA ANDERSON",1939,2005-06-17,106.76
11,"LISA ANDERSON",3192,2005-06-20,106.76
11,"LISA ANDERSON",4608,2005-07-08,106.76
11,"LISA ANDERSON",4943,2005-07-08,106.76
11,"LISA ANDERSON",5835,2005-07-10,106.76
11,"LISA ANDERSON",6146,2005-07-11,106.76
11,"LISA ANDERSON",7314,2005-07-27,106.76
11,"LISA ANDERSON",8014,2005-07-28,106.76
11,"LISA ANDERSON",8100,2005-07-28,106.76
11,"LISA ANDERSON",8447,2005-07-29,106.76
11,"LISA ANDERSON",8715,2005-07-29,106.76
11,"LISA ANDERSON",8950,2005-07-30,106.76
11,"LISA ANDERSON",9292,2005-07-30,106.76
11,"LISA ANDERSON",10812,2005-08-01,106.76
11,"LISA ANDERSON",11166,2005-08-02,106.76
11,"LISA ANDERSON",11502,2005-08-16,106.76
11,"LISA ANDERSON",11646,2006-02-14,106.76
11,"LISA ANDERSON",12015,2005-08-17,106.76
11,"LISA ANDERSON",13572,2005-08-20,106.76
11,"LISA ANDERSON",13790,2005-08-20,106.76
11,"LISA ANDERSON",15120,2005-08-22,106.76
11,"LISA ANDERSON",15240,2005-08-22,106.76
12,"NANCY THOMAS",988,2005-05-30,103.72
12,"NANCY THOMAS",1084,2005-05-31,103.72
12,"NANCY THOMAS",1752,2005-06-16,103.72
12,"NANCY THOMAS",2434,2005-06-18,103.72
12,"NANCY THOMAS",2500,2005-06-18,103.72
12,"NANCY THOMAS",2623,2005-06-19,103.72
12,"NANCY THOMAS",3135,2005-06-20,103.72
12,"NANCY THOMAS",3411,2005-06-21,103.72
12,"NANCY THOMAS",3870,2005-07-06,103.72
12,"NANCY THOMAS",5071,2005-07-09,103.72
12,"NANCY THOMAS",5074,2005-07-09,103.72
12,"NANCY THOMAS",5111,2005-07-09,103.72
12,"NANCY THOMAS",5242,2005-07-09,103.72
12,"NANCY THOMAS",6773,2005-07-12,103.72
12,"NANCY THOMAS",7008,2005-07-27,103.72
12,"NANCY THOMAS",7279,2005-07-27,103.72
12,"NANCY THOMAS",8985,2005-07-30,103.72
12,"NANCY THOMAS",9166,2005-07-30,103.72
12,"NANCY THOMAS",9238,2005-07-30,103.72
12,"NANCY THOMAS",9627,2005-07-31,103.72
12,"NANCY THOMAS",9708,2005-07-31,103.72
12,"NANCY THOMAS",10392,2005-08-01,103.72
12,"NANCY THOMAS",11497,2005-08-16,103.72
12,"NANCY THOMAS",12604,2005-08-18,103.72
12,"NANCY THOMAS",13519,2005-08-20,103.72
12,"NANCY THOMAS",13895,2005-08-20,103.72
12,"NANCY THOMAS",14240,2005-08-21,103.72
12,"NANCY THOMAS",15993,2005-08-23,103.72
13,"KAREN JACKSON",1933,2005-06-17,131.73
13,"KAREN JACKSON",2209,2005-06-18,131.73
13,"KAREN JACKSON",2952,2005-06-20,131.73
13,"KAREN JACKSON",3047,2005-06-20,131.73
13,"KAREN JACKSON",3946,2005-07-06,131.73
13,"KAREN JACKSON",6118,2005-07-11,131.73
13,"KAREN JACKSON",6568,2005-07-12,131.73
13,"KAREN JACKSON",6870,2005-07-12,131.73
13,"KAREN JACKSON",6897,2005-07-12,131.73
13,"KAREN JACKSON",7916,2005-07-28,131.73
13,"KAREN JACKSON",8277,2005-07-29,131.73
13,"KAREN JACKSON",8831,2005-07-29,131.73
13,"KAREN JACKSON",9260,2005-07-30,131.73
13,"KAREN JACKSON",9434,2005-07-30,131.73
13,"KAREN JACKSON",9664,2005-07-31,131.73
13,"KAREN JACKSON",9736,2005-07-31,131.73
13,"KAREN JACKSON",10003,2005-07-31,131.73
13,"KAREN JACKSON",11292,2005-08-02,131.73
13,"KAREN JACKSON",11315,2005-08-02,131.73
13,"KAREN JACKSON",11761,2005-08-17,131.73
13,"KAREN JACKSON",12918,2005-08-19,131.73
13,"KAREN JACKSON",13096,2005-08-19,131.73
13,"KAREN JACKSON",13213,2005-08-19,131.73
13,"KAREN JACKSON",13456,2005-08-20,131.73
13,"KAREN JACKSON",14252,2005-08-21,131.73
13,"KAREN JACKSON",14545,2005-08-21,131.73
13,"KAREN JACKSON",15338,2005-08-22,131.73
14,"BETTY WHITE",151,2005-05-26,117.72
14,"BETTY WHITE",346,2005-05-27,117.72
14,"BETTY WHITE",525,2005-05-28,117.72
14,"BETTY WHITE",671,2005-05-28,117.72
14,"BETTY WHITE",815,2005-05-29,117.72
14,"BETTY WHITE",1360,2005-06-15,117.72
14,"BETTY WHITE",3707,2005-07-06,117.72
14,"BETTY WHITE",4952,2005-07-08,117.72
14,"BETTY WHITE",5104,2005-07-09,117.72
14,"BETTY WHITE",5317,2005-07-09,117.72
14,"BETTY WHITE",5383,2005-07-09,117.72
14,"BETTY WHITE",5565,2005-07-10,117.72
14,"BETTY WHITE",8035,2005-07-28,117.72
14,"BETTY WHITE",8042,2005-07-28,117.72
14,"BETTY WHITE",8548,2005-07-29,117.72
14,"BETTY WHITE",8836,2005-07-29,117.72
14,"BETTY WHITE",9438,2005-07-30,117.72
14,"BETTY WHITE",9592,2005-07-31,117.72
14,"BETTY WHITE",10348,2005-08-01,117.72
14,"BETTY WHITE",10526,2005-08-01,117.72
14,"BETTY WHITE",11480,2005-08-02,117.72
14,"BETTY WHITE",11528,2005-08-17,117.72
14,"BETTY WHITE",12668,2005-08-18,117.72
14,"BETTY WHITE",13757,2005-08-20,117.72
14,"BETTY WHITE",13780,2006-02-14,117.72
14,"BETTY WHITE",15015,2005-08-22,117.72
14,"BETTY WHITE",15373,2005-08-22,117.72
14,"BETTY WHITE",16045,2005-08-23,117.72
15,"HELEN HARRIS",2486,2005-06-18,134.68
15,"HELEN HARRIS",2937,2005-06-20,134.68
15,"HELEN HARRIS",3182,2005-06-20,134.68
15,"HELEN HARRIS",3550,2005-07-06,134.68
15,"HELEN HARRIS",4127,2005-07-07,134.68
15,"HELEN HARRIS",5717,2005-07-10,134.68
15,"HELEN HARRIS",5975,2005-07-11,134.68
15,"HELEN HARRIS",7105,2005-07-27,134.68
15,"HELEN HARRIS",8193,2005-07-28,134.68
15,"HELEN HARRIS",8615,2005-07-29,134.68
15,"HELEN HARRIS",8927,2005-07-30,134.68
15,"HELEN HARRIS",9987,2005-07-31,134.68
15,"HELEN HARRIS",11118,2005-08-02,134.68
15,"HELEN HARRIS",11141,2005-08-02,134.68
15,"HELEN HARRIS",11307,2005-08-02,134.68
15,"HELEN HARRIS",11341,2005-08-02,134.68
15,"HELEN HARRIS",11922,2005-08-17,134.68
15,"HELEN HARRIS",12272,2005-08-18,134.68
15,"HELEN HARRIS",12551,2005-08-18,134.68
15,"HELEN HARRIS",12635,2005-08-18,134.68
15,"HELEN HARRIS",13339,2005-08-19,134.68
15,"HELEN HARRIS",13393,2005-08-19,134.68
15,"HELEN HARRIS",13503,2005-08-20,134.68
15,"HELEN HARRIS",13541,2005-08-20,134.68
15,"HELEN HARRIS",13677,2005-08-20,134.68
15,"HELEN HARRIS",13798,2006-02-14,134.68
15,"HELEN HARRIS",13968,2006-02-14,134.68
15,"HELEN HARRIS",14569,2005-08-21,134.68
15,"HELEN HARRIS",14776,2005-08-21,134.68
15,"HELEN HARRIS",14872,2005-08-22,134.68
15,"HELEN HARRIS",15178,2005-08-22,134.68
15,"HELEN HARRIS",15897,2005-08-23,134.68
16,"SANDRA MARTIN",335,2005-05-27,120.71
16,"SANDRA MARTIN",593,2005-05-28,120.71
16,"SANDRA MARTIN",887,2005-05-30,120.71
16,"SANDRA MARTIN",1017,2005-05-31,120.71
16,"SANDRA MARTIN",1934,2005-06-17,120.71
16,"SANDRA MARTIN",1944,2005-06-17,120.71
16,"SANDRA MARTIN",2960,2005-06-20,120.71
16,"SANDRA MARTIN",3348,2005-06-21,120.71
16,"SANDRA MARTIN",3548,2005-07-06,120.71
16,"SANDRA MARTIN",4219,2005-07-07,120.71
16,"SANDRA MARTIN",4263,2005-07-07,120.71
16,"SANDRA MARTIN",4517,2005-07-08,120.71
16,"SANDRA MARTIN",6100,2005-07-11,120.71
16,"SANDRA MARTIN",7489,2005-07-27,120.71
16,"SANDRA MARTIN",7552,2005-07-27,120.71
16,"SANDRA MARTIN",8452,2005-07-29,120.71
16,"SANDRA MARTIN",9158,2005-07-30,120.71
16,"SANDRA MARTIN",9610,2005-07-31,120.71
16,"SANDRA MARTIN",10687,2005-08-01,120.71
16,"SANDRA MARTIN",10727,2005-08-01,120.71
16,"SANDRA MARTIN",11308,2005-08-02,120.71
16,"SANDRA MARTIN",12104,2005-08-17,120.71
16,"SANDRA MARTIN",12358,2005-08-18,120.71
16,"SANDRA MARTIN",12577,2005-08-18,120.71
16,"SANDRA MARTIN",13151,2005-08-19,120.71
16,"SANDRA MARTIN",13391,2005-08-19,120.71
16,"SANDRA MARTIN",13480,2005-08-20,120.71
16,"SANDRA MARTIN",14511,2005-08-21,120.71
17,"DONNA THOMPSON",287,2005-05-26,98.79
17,"DONNA THOMPSON",580,2005-05-28,98.79
17,"DONNA THOMPSON",884,2005-05-30,98.79
17,"DONNA THOMPSON",2175,2005-06-18,98.79
17,"DONNA THOMPSON",2684,2005-06-19,98.79
17,"DONNA THOMPSON",3269,2005-06-21,98.79
17,"DONNA THOMPSON",5714,2005-07-10,98.79
17,"DONNA THOMPSON",5883,2005-07-10,98.79
17,"DONNA THOMPSON",6884,2005-07-12,98.79
17,"DONNA THOMPSON",8076,2005-07-28,98.79
17,"DONNA THOMPSON",8213,2005-07-28,98.79
17,"DONNA THOMPSON",9092,2005-07-30,98.79
17,"DONNA THOMPSON",9138,2005-07-30,98.79
17,"DONNA THOMPSON",9382,2005-07-30,98.79
17,"DONNA THOMPSON",9489,2005-07-30,98.79
17,"DONNA THOMPSON",11990,2005-08-17,98.79
17,"DONNA THOMPSON",13732,2005-08-20,98.79
17,"DONNA THOMPSON",14040,2005-08-20,98.79
17,"DONNA THOMPSON",14326,2005-08-21,98.79
17,"DONNA THOMPSON",14346,2005-08-21,98.79
17,"DONNA THOMPSON",15752,2005-08-23,98.79
18,"CAROL GARCIA",50,2005-05-25,91.78
18,"CAROL GARCIA",116,2005-05-25,91.78
18,"CAROL GARCIA",692,2005-05-29,91.78
18,"CAROL GARCIA",1451,2005-06-15,91.78
18,"CAROL GARCIA",1783,2005-06-16,91.78
18,"CAROL GARCIA",2112,2005-06-17,91.78
18,"CAROL GARCIA",2990,2005-06-20,91.78
18,"CAROL GARCIA",4672,2005-07-08,91.78
18,"CAROL GARCIA",4724,2005-07-08,91.78
18,"CAROL GARCIA",4923,2005-07-08,91.78
18,"CAROL GARCIA",6128,2005-07-11,91.78
18,"CAROL GARCIA",6846,2005-07-12,91.78
18,"CAROL GARCIA",8122,2005-07-28,91.78
18,"CAROL GARCIA",8555,2005-07-29,91.78
18,"CAROL GARCIA",9036,2005-07-30,91.78
18,"CAROL GARCIA",9114,2005-07-30,91.78
18,"CAROL GARCIA",10682,2005-08-01,91.78
18,"CAROL GARCIA",10721,2005-08-01,91.78
18,"CAROL GARCIA",11094,2005-08-02,91.78
18,"CAROL GARCIA",11439,2005-08-02,91.78
18,"CAROL GARCIA",12333,2005-08-18,91.78
18,"CAROL GARCIA",13490,2005-08-20,91.78
19,"RUTH MARTINEZ",18,2005-05-25,125.76
19,"RUTH MARTINEZ",110,2005-05-25,125.76
19,"RUTH MARTINEZ",179,2005-05-26,125.76
19,"RUTH MARTINEZ",337,2005-05-27,125.76
19,"RUTH MARTINEZ",591,2005-05-28,125.76
19,"RUTH MARTINEZ",696,2005-05-29,125.76
19,"RUTH MARTINEZ",2657,2005-06-19,125.76
19,"RUTH MARTINEZ",2848,2005-06-19,125.76
19,"RUTH MARTINEZ",3423,2005-06-21,125.76
19,"RUTH MARTINEZ",3549,2005-07-06,125.76
19,"RUTH MARTINEZ",6495,2005-07-12,125.76
19,"RUTH MARTINEZ",9157,2005-07-30,125.76
19,"RUTH MARTINEZ",9256,2005-07-30,125.76
19,"RUTH MARTINEZ",10077,2005-07-31,125.76
19,"RUTH MARTINEZ",10176,2005-07-31,125.76
19,"RUTH MARTINEZ",11508,2005-08-16,125.76
19,"RUTH MARTINEZ",11869,2005-08-17,125.76
19,"RUTH MARTINEZ",12211,2005-08-18,125.76
19,"RUTH MARTINEZ",12357,2005-08-18,125.76
19,"RUTH MARTINEZ",13718,2005-08-20,125.76
19,"RUTH MARTINEZ",13804,2005-08-20,125.76
19,"RUTH MARTINEZ",14101,2005-08-21,125.76
19,"RUTH MARTINEZ",15047,2005-08-22,125.76
19,"RUTH MARTINEZ",15529,2005-08-23,125.76
20,"SHARON ROBINSON",202,2005-05-26,115.70
20,"SHARON ROBINSON",497,2005-05-28,115.70
20,"SHARON ROBINSON",546,2005-05-28,115.70
20,"SHARON ROBINSON",1558,2005-06-16,115.70
20,"SHARON ROBINSON",2136,2005-06-17,115.70
20,"SHARON ROBINSON",2343,2005-06-18,115.70
20,"SHARON ROBINSON",3350,2005-06-21,115.70
20,"SHARON ROBINSON",4011,2005-07-07,115.70
20,"SHARON ROBINSON",4407,2005-07-07,115.70
20,"SHARON ROBINSON",5718,2005-07-10,115.70
20,"SHARON ROBINSON",6254,2005-07-11,115.70
20,"SHARON ROBINSON",6267,2005-07-11,115.70
20,"SHARON ROBINSON",7217,2005-07-27,115.70
20,"SHARON ROBINSON",7864,2005-07-28,115.70
20,"SHARON ROBINSON",8127,2005-07-28,115.70
20,"SHARON ROBINSON",9075,2005-07-30,115.70
20,"SHARON ROBINSON",9468,2005-07-30,115.70
20,"SHARON ROBINSON",10284,2005-08-01,115.70
20,"SHARON ROBINSON",10616,2005-08-01,115.70
20,"SHARON ROBINSON",10954,2005-08-02,115.70
20,"SHARON ROBINSON",11821,2005-08-17,115.70
20,"SHARON ROBINSON",12180,2005-08-18,115.70
20,"SHARON ROBINSON",13036,2005-08-19,115.70
20,"SHARON ROBINSON",13137,2005-08-19,115.70
20,"SHARON ROBINSON",13317,2005-08-19,115.70
20,"SHARON ROBINSON",14613,2005-08-21,115.70
20,"SHARON ROBINSON",15057,2005-08-22,115.70
20,"SHARON ROBINSON",15161,2005-08-22,115.70
20,"SHARON ROBINSON",15248,2005-08-22,115.70
20,"SHARON ROBINSON",15460,2005-08-23,115.70
21,"MICHELLE CLARK",260,2005-05-26,155.65
21,"MICHELLE CLARK",463,2005-05-27,155.65
21,"MICHELLE CLARK",570,2005-05-28,155.65
21,"MICHELLE CLARK",2235,2005-06-18,155.65
21,"MICHELLE CLARK",2268,2005-06-18,155.65
21,"MICHELLE CLARK",2393,2005-06-18,155.65
21,"MICHELLE CLARK",2830,2005-06-19,155.65
21,"MICHELLE CLARK",3212,2005-06-21,155.65
21,"MICHELLE CLARK",5107,2005-07-09,155.65
21,"MICHELLE CLARK",5772,2005-07-10,155.65
21,"MICHELLE CLARK",5961,2005-07-10,155.65
21,"MICHELLE CLARK",6943,2005-07-26,155.65
21,"MICHELLE CLARK",7994,2005-07-28,155.65
21,"MICHELLE CLARK",8196,2005-07-28,155.65
21,"MICHELLE CLARK",8862,2005-07-29,155.65
21,"MICHELLE CLARK",9149,2005-07-30,155.65
21,"MICHELLE CLARK",9699,2005-07-31,155.65
21,"MICHELLE CLARK",10570,2005-08-01,155.65
21,"MICHELLE CLARK",10734,2005-08-01,155.65
21,"MICHELLE CLARK",11072,2005-08-02,155.65
21,"MICHELLE CLARK",11970,2005-08-17,155.65
21,"MICHELLE CLARK",12131,2005-08-17,155.65
21,"MICHELLE CLARK",12660,2005-08-18,155.65
21,"MICHELLE CLARK",12774,2005-08-18,155.65
21,"MICHELLE CLARK",13381,2005-08-19,155.65
21,"MICHELLE CLARK",13399,2005-08-19,155.65
21,"MICHELLE CLARK",13411,2005-08-19,155.65
21,"MICHELLE CLARK",13463,2005-08-20,155.65
21,"MICHELLE CLARK",13699,2005-08-20,155.65
21,"MICHELLE CLARK",13740,2005-08-20,155.65
21,"MICHELLE CLARK",14077,2005-08-20,155.65
21,"MICHELLE CLARK",14161,2005-08-21,155.65
21,"MICHELLE CLARK",14446,2005-08-21,155.65
21,"MICHELLE CLARK",14869,2005-08-22,155.65
21,"MICHELLE CLARK",14933,2006-02-14,155.65
22,"LAURA RODRIGUEZ",370,2005-05-27,113.78
22,"LAURA RODRIGUEZ",556,2005-05-28,113.78
22,"LAURA RODRIGUEZ",820,2005-05-29,113.78
22,"LAURA RODRIGUEZ",3419,2005-06-21,113.78
22,"LAURA RODRIGUEZ",4215,2005-07-07,113.78
22,"LAURA RODRIGUEZ",5294,2005-07-09,113.78
22,"LAURA RODRIGUEZ",5815,2005-07-10,113.78
22,"LAURA RODRIGUEZ",7087,2005-07-27,113.78
22,"LAURA RODRIGUEZ",7705,2005-07-28,113.78
22,"LAURA RODRIGUEZ",9410,2005-07-30,113.78
22,"LAURA RODRIGUEZ",9580,2005-07-31,113.78
22,"LAURA RODRIGUEZ",12023,2005-08-17,113.78
22,"LAURA RODRIGUEZ",12124,2005-08-17,113.78
22,"LAURA RODRIGUEZ",12222,2006-02-14,113.78
22,"LAURA RODRIGUEZ",12809,2005-08-19,113.78
22,"LAURA RODRIGUEZ",13060,2005-08-19,113.78
22,"LAURA RODRIGUEZ",14056,2005-08-20,113.78
22,"LAURA RODRIGUEZ",14564,2005-08-21,113.78
22,"LAURA RODRIGUEZ",15134,2005-08-22,113.78
22,"LAURA RODRIGUEZ",15589,2005-08-23,113.78
22,"LAURA RODRIGUEZ",15658,2005-08-23,113.78
22,"LAURA RODRIGUEZ",15793,2005-08-23,113.78
23,"SARAH LEWIS",129,2005-05-25,119.70
23,"SARAH LEWIS",654,2005-05-28,119.70
23,"SARAH LEWIS",1090,2005-05-31,119.70
23,"SARAH LEWIS",2753,2005-06-19,119.70
23,"SARAH LEWIS",2827,2005-06-19,119.70
23,"SARAH LEWIS",3015,2005-06-20,119.70
23,"SARAH LEWIS",3055,2005-06-20,119.70
23,"SARAH LEWIS",3461,2005-06-21,119.70
23,"SARAH LEWIS",3736,2005-07-06,119.70
23,"SARAH LEWIS",3781,2005-07-06,119.70
23,"SARAH LEWIS",4853,2005-07-08,119.70
23,"SARAH LEWIS",6213,2005-07-11,119.70
23,"SARAH LEWIS",6238,2005-07-11,119.70
23,"SARAH LEWIS",6917,2005-07-12,119.70
23,"SARAH LEWIS",7155,2005-07-27,119.70
23,"SARAH LEWIS",8015,2005-07-28,119.70
23,"SARAH LEWIS",8718,2005-07-29,119.70
23,"SARAH LEWIS",9209,2005-07-30,119.70
23,"SARAH LEWIS",9255,2005-07-30,119.70
23,"SARAH LEWIS",9718,2005-07-31,119.70
23,"SARAH LEWIS",10132,2005-07-31,119.70
23,"SARAH LEWIS",10898,2005-08-02,119.70
23,"SARAH LEWIS",11501,2005-08-16,119.70
23,"SARAH LEWIS",13290,2005-08-19,119.70
23,"SARAH LEWIS",13331,2005-08-19,119.70
23,"SARAH LEWIS",13429,2005-08-19,119.70
23,"SARAH LEWIS",13511,2005-08-20,119.70
23,"SARAH LEWIS",13557,2005-08-20,119.70
23,"SARAH LEWIS",14482,2005-08-21,119.70
23,"SARAH LEWIS",15532,2006-02-14,119.70
24,"KIMBERLY LEE",1007,2005-05-31,95.75
24,"KIMBERLY LEE",1077,2005-05-31,95.75
24,"KIMBERLY LEE",1716,2005-06-16,95.75
24,"KIMBERLY LEE",2070,2005-06-17,95.75
24,"KIMBERLY LEE",2116,2005-06-17,95.75
24,"KIMBERLY LEE",2451,2005-06-18,95.75
24,"KIMBERLY LEE",2963,2005-06-20,95.75
24,"KIMBERLY LEE",3649,2005-07-06,95.75
24,"KIMBERLY LEE",4378,2005-07-07,95.75
24,"KIMBERLY LEE",5310,2005-07-09,95.75
24,"KIMBERLY LEE",5648,2005-07-10,95.75
24,"KIMBERLY LEE",6855,2005-07-12,95.75
24,"KIMBERLY LEE",7266,2005-07-27,95.75
24,"KIMBERLY LEE",8947,2005-07-30,95.75
24,"KIMBERLY LEE",9723,2005-07-31,95.75
24,"KIMBERLY LEE",9925,2005-07-31,95.75
24,"KIMBERLY LEE",10491,2005-08-01,95.75
24,"KIMBERLY LEE",11209,2005-08-02,95.75
24,"KIMBERLY LEE",11546,2005-08-17,95.75
24,"KIMBERLY LEE",12165,2005-08-18,95.75
24,"KIMBERLY LEE",12745,2005-08-18,95.75
24,"KIMBERLY LEE",12999,2005-08-19,95.75
24,"KIMBERLY LEE",13058,2005-08-19,95.75
24,"KIMBERLY LEE",13247,2005-08-19,95.75
24,"KIMBERLY LEE",15357,2005-08-22,95.75
25,"DEBORAH WALKER",90,2005-05-25,115.71
25,"DEBORAH WALKER",1033,2005-05-31,115.71
25,"DEBORAH WALKER",1338,2005-06-15,115.71
25,"DEBORAH WALKER",1365,2005-06-15,115.71
25,"DEBORAH WALKER",1754,2005-06-16,115.71
25,"DEBORAH WALKER",2625,2005-06-19,115.71
25,"DEBORAH WALKER",2901,2005-06-20,115.71
25,"DEBORAH WALKER",3447,2005-06-21,115.71
25,"DEBORAH WALKER",4282,2005-07-07,115.71
25,"DEBORAH WALKER",4319,2005-07-07,115.71
25,"DEBORAH WALKER",4404,2005-07-07,115.71
25,"DEBORAH WALKER",5881,2005-07-10,115.71
25,"DEBORAH WALKER",6653,2005-07-12,115.71
25,"DEBORAH WALKER",6905,2005-07-12,115.71
25,"DEBORAH WALKER",8667,2005-07-29,115.71
25,"DEBORAH WALKER",8878,2005-07-30,115.71
25,"DEBORAH WALKER",9140,2005-07-30,115.71
25,"DEBORAH WALKER",9334,2005-07-30,115.71
25,"DEBORAH WALKER",9922,2005-07-31,115.71
25,"DEBORAH WALKER",10103,2005-07-31,115.71
25,"DEBORAH WALKER",10324,2005-08-01,115.71
25,"DEBORAH WALKER",10860,2005-08-02,115.71
25,"DEBORAH WALKER",10916,2005-08-02,115.71
25,"DEBORAH WALKER",11642,2005-08-17,115.71
25,"DEBORAH WALKER",12922,2005-08-19,115.71
25,"DEBORAH WALKER",14193,2005-08-21,115.71
25,"DEBORAH WALKER",14236,2005-08-21,115.71
25,"DEBORAH WALKER",15512,2005-08-23,115.71
25,"DEBORAH WALKER",15972,2005-08-23,115.71
26,"JESSICA HALL",796,2005-05-29,152.66
26,"JESSICA HALL",1105,2005-05-31,152.66
26,"JESSICA HALL",1440,2005-06-15,152.66
26,"JESSICA HALL",1706,2005-06-16,152.66
26,"JESSICA HALL",2093,2005-06-17,152.66
26,"JESSICA HALL",2416,2005-06-18,152.66
26,"JESSICA HALL",2421,2005-06-18,152.66
26,"JESSICA HALL",2532,2005-06-19,152.66
26,"JESSICA HALL",2745,2005-06-19,152.66
26,"JESSICA HALL",4065,2005-07-07,152.66
26,"JESSICA HALL",4274,2005-07-07,152.66
26,"JESSICA HALL",4382,2005-07-07,152.66
26,"JESSICA HALL",4402,2005-07-07,152.66
26,"JESSICA HALL",4431,2005-07-07,152.66
26,"JESSICA HALL",4536,2005-07-08,152.66
26,"JESSICA HALL",4641,2005-07-08,152.66
26,"JESSICA HALL",5437,2005-07-09,152.66
26,"JESSICA HALL",6149,2005-07-11,152.66
26,"JESSICA HALL",6243,2005-07-11,152.66
26,"JESSICA HALL",7328,2005-07-27,152.66
26,"JESSICA HALL",8241,2005-07-29,152.66
26,"JESSICA HALL",9484,2005-07-30,152.66
26,"JESSICA HALL",10386,2005-08-01,152.66
26,"JESSICA HALL",10996,2005-08-02,152.66
26,"JESSICA HALL",11314,2005-08-02,152.66
26,"JESSICA HALL",11338,2005-08-02,152.66
26,"JESSICA HALL",11744,2005-08-17,152.66
26,"JESSICA HALL",13111,2005-08-19,152.66
26,"JESSICA HALL",14183,2005-08-21,152.66
26,"JESSICA HALL",14192,2005-08-21,152.66
26,"JESSICA HALL",14603,2005-08-21,152.66
26,"JESSICA HALL",14677,2005-08-21,152.66
26,"JESSICA HALL",15384,2005-08-22,152.66
26,"JESSICA HALL",15722,2005-08-23,152.66
27,"SHIRLEY ALLEN",787,2005-05-29,126.69
27,"SHIRLEY ALLEN",1310,2005-06-15,126.69
27,"SHIRLEY ALLEN",1480,2005-06-15,126.69
27,"SHIRLEY ALLEN",1699,2005-06-16,126.69
27,"SHIRLEY ALLEN",1960,2005-06-17,126.69
27,"SHIRLEY ALLEN",2512,2005-06-18,126.69
27,"SHIRLEY ALLEN",2815,2005-06-19,126.69
27,"SHIRLEY ALLEN",3038,2005-06-20,126.69
27,"SHIRLEY ALLEN",3420,2005-06-21,126.69
27,"SHIRLEY ALLEN",4038,2005-07-07,126.69
27,"SHIRLEY ALLEN",4510,2005-07-08,126.69
27,"SHIRLEY ALLEN",5552,2005-07-10,126.69
27,"SHIRLEY ALLEN",5736,2005-07-10,126.69
27,"SHIRLEY ALLEN",6115,2005-07-11,126.69
27,"SHIRLEY ALLEN",6562,2005-07-12,126.69
27,"SHIRLEY ALLEN",6658,2005-07-12,126.69
27,"SHIRLEY ALLEN",7927,2005-07-28,126.69
27,"SHIRLEY ALLEN",9244,2005-07-30,126.69
27,"SHIRLEY ALLEN",9636,2005-07-31,126.69
27,"SHIRLEY ALLEN",9673,2005-07-31,126.69
27,"SHIRLEY ALLEN",9908,2005-07-31,126.69
27,"SHIRLEY ALLEN",10794,2005-08-01,126.69
27,"SHIRLEY ALLEN",10852,2005-08-02,126.69
27,"SHIRLEY ALLEN",11234,2005-08-02,126.69
27,"SHIRLEY ALLEN",11661,2005-08-17,126.69
27,"SHIRLEY ALLEN",11740,2005-08-17,126.69
27,"SHIRLEY ALLEN",12021,2005-08-17,126.69
27,"SHIRLEY ALLEN",12461,2005-08-18,126.69
27,"SHIRLEY ALLEN",12531,2005-08-18,126.69
27,"SHIRLEY ALLEN",13816,2005-08-20,126.69
27,"SHIRLEY ALLEN",15048,2005-08-22,126.69
28,"CYNTHIA YOUNG",388,2005-05-27,111.68
28,"CYNTHIA YOUNG",868,2005-05-30,111.68
28,"CYNTHIA YOUNG",1240,2005-06-15,111.68
28,"CYNTHIA YOUNG",1543,2005-06-16,111.68
28,"CYNTHIA YOUNG",2299,2005-06-18,111.68
28,"CYNTHIA YOUNG",2604,2005-06-19,111.68
28,"CYNTHIA YOUNG",3231,2005-06-21,111.68
28,"CYNTHIA YOUNG",3845,2005-07-06,111.68
28,"CYNTHIA YOUNG",4704,2005-07-08,111.68
28,"CYNTHIA YOUNG",4951,2005-07-08,111.68
28,"CYNTHIA YOUNG",5653,2005-07-10,111.68
28,"CYNTHIA YOUNG",5817,2005-07-10,111.68
28,"CYNTHIA YOUNG",6032,2005-07-11,111.68
28,"CYNTHIA YOUNG",6476,2005-07-12,111.68
28,"CYNTHIA YOUNG",7580,2005-07-27,111.68
28,"CYNTHIA YOUNG",8464,2005-07-29,111.68
28,"CYNTHIA YOUNG",8901,2005-07-30,111.68
28,"CYNTHIA YOUNG",9544,2005-07-31,111.68
28,"CYNTHIA YOUNG",9593,2005-07-31,111.68
28,"CYNTHIA YOUNG",9705,2005-07-31,111.68
28,"CYNTHIA YOUNG",10116,2005-07-31,111.68
28,"CYNTHIA YOUNG",10294,2005-08-01,111.68
28,"CYNTHIA YOUNG",11444,2005-08-02,111.68
28,"CYNTHIA YOUNG",11856,2005-08-17,111.68
28,"CYNTHIA YOUNG",12190,2005-08-18,111.68
28,"CYNTHIA YOUNG",12359,2005-08-18,111.68
28,"CYNTHIA YOUNG",12708,2005-08-18,111.68
28,"CYNTHIA YOUNG",12938,2006-02-14,111.68
28,"CYNTHIA YOUNG",13783,2005-08-20,111.68
28,"CYNTHIA YOUNG",14540,2005-08-21,111.68
28,"CYNTHIA YOUNG",15445,2005-08-23,111.68
28,"CYNTHIA YOUNG",15491,2005-08-23,111.68
29,"ANGELA HERNANDEZ",194,2005-05-26,140.64
29,"ANGELA HERNANDEZ",2655,2005-06-19,140.64
29,"ANGELA HERNANDEZ",2673,2005-06-19,140.64
29,"ANGELA HERNANDEZ",2701,2005-06-19,140.64
29,"ANGELA HERNANDEZ",2735,2005-06-19,140.64
29,"ANGELA HERNANDEZ",2801,2005-06-19,140.64
29,"ANGELA HERNANDEZ",2923,2005-06-20,140.64
29,"ANGELA HERNANDEZ",3324,2005-06-21,140.64
29,"ANGELA HERNANDEZ",4262,2005-07-07,140.64
29,"ANGELA HERNANDEZ",4313,2005-07-07,140.64
29,"ANGELA HERNANDEZ",4535,2005-07-08,140.64
29,"ANGELA HERNANDEZ",5442,2005-07-09,140.64
29,"ANGELA HERNANDEZ",5857,2005-07-10,140.64
29,"ANGELA HERNANDEZ",7237,2005-07-27,140.64
29,"ANGELA HERNANDEZ",7451,2005-07-27,140.64
29,"ANGELA HERNANDEZ",7453,2005-07-27,140.64
29,"ANGELA HERNANDEZ",8673,2005-07-29,140.64
29,"ANGELA HERNANDEZ",9392,2005-07-30,140.64
29,"ANGELA HERNANDEZ",9946,2005-07-31,140.64
29,"ANGELA HERNANDEZ",10543,2005-08-01,140.64
29,"ANGELA HERNANDEZ",10899,2005-08-02,140.64
29,"ANGELA HERNANDEZ",11079,2005-08-02,140.64
29,"ANGELA HERNANDEZ",11962,2005-08-17,140.64
29,"ANGELA HERNANDEZ",12488,2005-08-18,140.64
29,"ANGELA HERNANDEZ",12508,2005-08-18,140.64
29,"ANGELA HERNANDEZ",12569,2005-08-18,140.64
29,"ANGELA HERNANDEZ",12615,2005-08-18,140.64
29,"ANGELA HERNANDEZ",13173,2005-08-19,140.64
29,"ANGELA HERNANDEZ",13436,2005-08-19,140.64
29,"ANGELA HERNANDEZ",13777,2005-08-20,140.64
29,"ANGELA HERNANDEZ",13832,2005-08-20,140.64
29,"ANGELA HERNANDEZ",14174,2005-08-21,140.64
29,"ANGELA HERNANDEZ",14703,2005-08-21,140.64
29,"ANGELA HERNANDEZ",14985,2005-08-22,140.64
29,"ANGELA HERNANDEZ",14997,2005-08-22,140.64
29,"ANGELA HERNANDEZ",15577,2006-02-14,140.64
30,"MELISSA KING",1874,2005-06-17,123.66
30,"MELISSA KING",1895,2005-06-17,123.66
30,"MELISSA KING",2154,2005-06-17,123.66
30,"MELISSA KING",2730,2005-06-19,123.66
30,"MELISSA KING",3964,2005-07-06,123.66
30,"MELISSA KING",4471,2005-07-08,123.66
30,"MELISSA KING",4642,2005-07-08,123.66
30,"MELISSA KING",5028,2005-07-09,123.66
30,"MELISSA KING",5108,2005-07-09,123.66
30,"MELISSA KING",5289,2005-07-09,123.66
30,"MELISSA KING",5972,2005-07-11,123.66
30,"MELISSA KING",6249,2005-07-11,123.66
30,"MELISSA KING",6359,2005-07-11,123.66
30,"MELISSA KING",7394,2005-07-27,123.66
30,"MELISSA KING",7769,2005-07-28,123.66
30,"MELISSA KING",8030,2005-07-28,123.66
30,"MELISSA KING",8038,2005-07-28,123.66
30,"MELISSA KING",8083,2005-07-28,123.66
30,"MELISSA KING",8641,2005-07-29,123.66
30,"MELISSA KING",9309,2005-07-30,123.66
30,"MELISSA KING",9551,2005-07-31,123.66
30,"MELISSA KING",9641,2005-07-31,123.66
30,"MELISSA KING",9998,2005-07-31,123.66
30,"MELISSA KING",10235,2005-08-01,123.66
30,"MELISSA KING",12240,2005-08-18,123.66
30,"MELISSA KING",12546,2005-08-18,123.66
30,"MELISSA KING",12758,2005-08-18,123.66
30,"MELISSA KING",13435,2005-08-19,123.66
30,"MELISSA KING",13682,2005-08-20,123.66
30,"MELISSA KING",14339,2005-08-21,123.66
30,"MELISSA KING",14585,2005-08-21,123.66
30,"MELISSA KING",15063,2005-08-22,123.66
30,"MELISSA KING",15544,2005-08-23,123.66
30,"MELISSA KING",15829,2005-08-23,123.66
31,"BRENDA WRIGHT",1656,2005-06-16,104.74
31,"BRENDA WRIGHT",1838,2005-06-16,104.74
31,"BRENDA WRIGHT",2233,2005-06-18,104.74
31,"BRENDA WRIGHT",2341,2005-06-18,104.74
31,"BRENDA WRIGHT",2396,2005-06-18,104.74
31,"BRENDA WRIGHT",2438,2005-06-18,104.74
31,"BRENDA WRIGHT",2530,2005-06-19,104.74
31,"BRENDA WRIGHT",2648,2005-06-19,104.74
31,"BRENDA WRIGHT",3117,2005-06-20,104.74
31,"BRENDA WRIGHT",3172,2005-06-20,104.74
31,"BRENDA WRIGHT",3205,2005-06-21,104.74
31,"BRENDA WRIGHT",3701,2005-07-06,104.74
31,"BRENDA WRIGHT",3967,2005-07-06,104.74
31,"BRENDA WRIGHT",4122,2005-07-07,104.74
31,"BRENDA WRIGHT",4738,2005-07-08,104.74
31,"BRENDA WRIGHT",6208,2005-07-11,104.74
31,"BRENDA WRIGHT",6580,2005-07-12,104.74
31,"BRENDA WRIGHT",7000,2005-07-27,104.74
31,"BRENDA WRIGHT",7138,2005-07-27,104.74
31,"BRENDA WRIGHT",7178,2005-07-27,104.74
31,"BRENDA WRIGHT",7464,2005-07-27,104.74
31,"BRENDA WRIGHT",8997,2005-07-30,104.74
31,"BRENDA WRIGHT",12085,2005-08-17,104.74
31,"BRENDA WRIGHT",12377,2005-08-18,104.74
31,"BRENDA WRIGHT",15682,2005-08-23,104.74
31,"BRENDA WRIGHT",15816,2005-08-23,104.74
32,"AMY LOPEZ",483,2005-05-27,127.71
32,"AMY LOPEZ",803,2005-05-29,127.71
32,"AMY LOPEZ",1067,2005-05-31,127.71
32,"AMY LOPEZ",1887,2005-06-17,127.71
32,"AMY LOPEZ",2160,2005-06-17,127.71
32,"AMY LOPEZ",2624,2005-06-19,127.71
32,"AMY LOPEZ",2891,2005-06-20,127.71
32,"AMY LOPEZ",3500,2005-07-06,127.71
32,"AMY LOPEZ",4434,2005-07-07,127.71
32,"AMY LOPEZ",4771,2005-07-08,127.71
32,"AMY LOPEZ",4899,2005-07-08,127.71
32,"AMY LOPEZ",5307,2005-07-09,127.71
32,"AMY LOPEZ",5767,2005-07-10,127.71
32,"AMY LOPEZ",5954,2005-07-10,127.71
32,"AMY LOPEZ",6122,2005-07-11,127.71
32,"AMY LOPEZ",6450,2005-07-12,127.71
32,"AMY LOPEZ",7084,2005-07-27,127.71
32,"AMY LOPEZ",7589,2005-07-27,127.71
32,"AMY LOPEZ",7793,2005-07-28,127.71
32,"AMY LOPEZ",8390,2005-07-29,127.71
32,"AMY LOPEZ",8453,2005-07-29,127.71
32,"AMY LOPEZ",8914,2005-07-30,127.71
32,"AMY LOPEZ",11135,2005-08-02,127.71
32,"AMY LOPEZ",11831,2005-08-17,127.71
32,"AMY LOPEZ",12414,2005-08-18,127.71
32,"AMY LOPEZ",13736,2005-08-20,127.71
32,"AMY LOPEZ",13931,2005-08-20,127.71
32,"AMY LOPEZ",14075,2005-08-20,127.71
32,"AMY LOPEZ",14570,2005-08-21,127.71
33,"ANNA HILL",165,2005-05-26,91.79
33,"ANNA HILL",1301,2005-06-15,91.79
33,"ANNA HILL",3173,2005-06-20,91.79
33,"ANNA HILL",4095,2005-07-07,91.79
33,"ANNA HILL",5421,2005-07-09,91.79
33,"ANNA HILL",5723,2005-07-10,91.79
33,"ANNA HILL",6280,2005-07-11,91.79
33,"ANNA HILL",7992,2005-07-28,91.79
33,"ANNA HILL",9040,2005-07-30,91.79
33,"ANNA HILL",9085,2005-07-30,91.79
33,"ANNA HILL",9254,2005-07-30,91.79
33,"ANNA HILL",10335,2005-08-01,91.79
33,"ANNA HILL",10870,2005-08-02,91.79
33,"ANNA HILL",12277,2006-02-14,91.79
33,"ANNA HILL",13241,2005-08-19,91.79
33,"ANNA HILL",13858,2005-08-20,91.79
33,"ANNA HILL",13958,2005-08-20,91.79
33,"ANNA HILL",14002,2005-08-20,91.79
33,"ANNA HILL",14623,2005-08-21,91.79
33,"ANNA HILL",15096,2005-08-22,91.79
33,"ANNA HILL",15115,2005-08-22,91.79
34,"REBECCA SCOTT",1900,2005-06-17,89.76
34,"REBECCA SCOTT",2257,2005-06-18,89.76
34,"REBECCA SCOTT",3150,2005-06-20,89.76
34,"REBECCA SCOTT",3508,2005-07-06,89.76
34,"REBECCA SCOTT",3911,2005-07-06,89.76
34,"REBECCA SCOTT",5188,2005-07-09,89.76
34,"REBECCA SCOTT",5643,2005-07-10,89.76
34,"REBECCA SCOTT",5918,2005-07-10,89.76
34,"REBECCA SCOTT",7015,2005-07-27,89.76
34,"REBECCA SCOTT",7124,2005-07-27,89.76
34,"REBECCA SCOTT",7532,2005-07-27,89.76
34,"REBECCA SCOTT",9160,2005-07-30,89.76
34,"REBECCA SCOTT",10523,2005-08-01,89.76
34,"REBECCA SCOTT",10615,2005-08-01,89.76
34,"REBECCA SCOTT",11096,2005-08-02,89.76
34,"REBECCA SCOTT",11505,2005-08-16,89.76
34,"REBECCA SCOTT",11701,2005-08-17,89.76
34,"REBECCA SCOTT",12286,2005-08-18,89.76
34,"REBECCA SCOTT",12599,2005-08-18,89.76
34,"REBECCA SCOTT",12651,2005-08-18,89.76
34,"REBECCA SCOTT",13371,2005-08-19,89.76
34,"REBECCA SCOTT",13949,2005-08-20,89.76
34,"REBECCA SCOTT",14686,2005-08-21,89.76
34,"REBECCA SCOTT",14701,2005-08-21,89.76
35,"VIRGINIA GREEN",47,2005-05-25,129.68
35,"VIRGINIA GREEN",424,2005-05-27,129.68
35,"VIRGINIA GREEN",1579,2005-06-16,129.68
35,"VIRGINIA GREEN",1989,2005-06-17,129.68
35,"VIRGINIA GREEN",2229,2005-06-18,129.68
35,"VIRGINIA GREEN",2231,2005-06-18,129.68
35,"VIRGINIA GREEN",2743,2005-06-19,129.68
35,"VIRGINIA GREEN",3112,2005-06-20,129.68
35,"VIRGINIA GREEN",3597,2005-07-06,129.68
35,"VIRGINIA GREEN",4098,2005-07-07,129.68
35,"VIRGINIA GREEN",4990,2005-07-09,129.68
35,"VIRGINIA GREEN",5013,2005-07-09,129.68
35,"VIRGINIA GREEN",5323,2005-07-09,129.68
35,"VIRGINIA GREEN",5916,2005-07-10,129.68
35,"VIRGINIA GREEN",5963,2005-07-10,129.68
35,"VIRGINIA GREEN",6147,2005-07-11,129.68
35,"VIRGINIA GREEN",6401,2005-07-11,129.68
35,"VIRGINIA GREEN",6565,2005-07-12,129.68
35,"VIRGINIA GREEN",6572,2005-07-12,129.68
35,"VIRGINIA GREEN",7140,2005-07-27,129.68
35,"VIRGINIA GREEN",8822,2005-07-29,129.68
35,"VIRGINIA GREEN",8971,2005-07-30,129.68
35,"VIRGINIA GREEN",9033,2005-07-30,129.68
35,"VIRGINIA GREEN",9579,2005-07-31,129.68
35,"VIRGINIA GREEN",11298,2005-08-02,129.68
35,"VIRGINIA GREEN",11452,2005-08-02,129.68
35,"VIRGINIA GREEN",11645,2005-08-17,129.68
35,"VIRGINIA GREEN",12055,2005-08-17,129.68
35,"VIRGINIA GREEN",13735,2005-08-20,129.68
35,"VIRGINIA GREEN",14110,2005-08-21,129.68
35,"VIRGINIA GREEN",14124,2005-08-21,129.68
35,"VIRGINIA GREEN",14735,2005-08-21,129.68
36,"KATHLEEN ADAMS",349,2005-05-27,92.73
36,"KATHLEEN ADAMS",716,2005-05-29,92.73
36,"KATHLEEN ADAMS",2741,2005-06-19,92.73
36,"KATHLEEN ADAMS",4135,2005-07-07,92.73
36,"KATHLEEN ADAMS",4560,2005-07-08,92.73
36,"KATHLEEN ADAMS",4762,2005-07-08,92.73
36,"KATHLEEN ADAMS",5403,2005-07-09,92.73
36,"KATHLEEN ADAMS",6030,2005-07-11,92.73
36,"KATHLEEN ADAMS",7205,2005-07-27,92.73
36,"KATHLEEN ADAMS",7647,2005-07-28,92.73
36,"KATHLEEN ADAMS",7919,2005-07-28,92.73
36,"KATHLEEN ADAMS",8099,2005-07-28,92.73
36,"KATHLEEN ADAMS",8391,2005-07-29,92.73
36,"KATHLEEN ADAMS",8952,2005-07-30,92.73
36,"KATHLEEN ADAMS",9369,2005-07-30,92.73
36,"KATHLEEN ADAMS",9805,2005-07-31,92.73
36,"KATHLEEN ADAMS",10525,2005-08-01,92.73
36,"KATHLEEN ADAMS",10761,2005-08-01,92.73
